Unnamed: 0,Unnamed: 1,Unnamed: 2,Unnamed: 3,Unnamed: 4,MONETARY AGREGATES
,,,,,Monetary Statistics Department - Central Bank of the Argentine Republic
,,,,,
,,,,,
,,,,,
Year,Month,Monetary expression (m),,,M3
,,Description,Quantity of,Equivalence,Total
,,,previous,of the original,
,,,monetary unit,monetary unit,
,,,in the new,with the,
,,,monetary,actual mone-,
,,,unit,tary unit,
AÃ±o,Mes,divisa,unidad medida,equivalencia,M3
1940.01,Ene.,m$n,1000000,1.0000000000000002e-13,
1940.02,Feb.,m$n,1000000,1.0000000000000002e-13,
1940.03,Mar.,m$n,1000000,1.0000000000000002e-13,
1940.04,Abr.,m$n,1000000,1.0000000000000002e-13,
1940.05,May.,m$n,1000000,1.0000000000000002e-13,
1940.06,Jun.,m$n,1000000,1.0000000000000002e-13,5371.200000000001
1940.07,Jul.,m$n,1000000,1.0000000000000002e-13,5336.499999999999
1940.08,Ago.,m$n,1000000,1.0000000000000002e-13,5318.9
1940.09,Set.,m$n,1000000,1.0000000000000002e-13,5290.5
1940.1,Oct.,m$n,1000000,1.0000000000000002e-13,5296.700000000001
1940.11,Nov.,m$n,1000000,1.0000000000000002e-13,5366.5
1940.12,Dic.,m$n,1000000,1.0000000000000002e-13,5465.7
1940.13,,,,,
1941.01,Ene. ,m$n,1000000,1.0000000000000002e-13,5510.699999999999
1941.02,Feb.,m$n,1000000,1.0000000000000002e-13,5598.2
1941.03,Mar.,m$n,1000000,1.0000000000000002e-13,5654.5
1941.04,Abr.,m$n,1000000,1.0000000000000002e-13,5701.3
1941.05,May.,m$n,1000000,1.0000000000000002e-13,5737.000000000001
1941.06,Jun.,m$n,1000000,1.0000000000000002e-13,5858.700000000001
1941.07,Jul.,m$n,1000000,1.0000000000000002e-13,5881.5
1941.08,Ago.,m$n,1000000,1.0000000000000002e-13,5942.799999999999
1941.09,Set.,m$n,1000000,1.0000000000000002e-13,5982.8
1941.1,Oct.,m$n,1000000,1.0000000000000002e-13,6059.4
1941.11,Nov.,m$n,1000000,1.0000000000000002e-13,6060.299999999999
1941.12,Dic.,m$n,1000000,1.0000000000000002e-13,6287.5
1941.13,,,,,
1942.01,Ene. ,m$n,1000000,1.0000000000000002e-13,6314.8
1942.02,Feb.,m$n,1000000,1.0000000000000002e-13,6464.500000000001
1942.03,Mar.,m$n,1000000,1.0000000000000002e-13,6528.8
1942.04,Abr.,m$n,1000000,1.0000000000000002e-13,6581.9
1942.05,May.,m$n,1000000,1.0000000000000002e-13,6673.6
1942.06,Jun.,m$n,1000000,1.0000000000000002e-13,6792.4
1942.07,Jul.,m$n,1000000,1.0000000000000002e-13,6820.9
1942.08,Ago.,m$n,1000000,1.0000000000000002e-13,6797.299999999999
1942.09,Set.,m$n,1000000,1.0000000000000002e-13,6856.6
1942.1,Oct.,m$n,1000000,1.0000000000000002e-13,6964.8
1942.11,Nov.,m$n,1000000,1.0000000000000002e-13,7052.8
1942.12,Dic.,m$n,1000000,1.0000000000000002e-13,7251.3
1942.13,,,,,
1943.01,Ene. ,m$n,1000000,1.0000000000000002e-13,7301.299999999999
1943.02,Feb.,m$n,1000000,1.0000000000000002e-13,7432.3
1943.03,Mar.,m$n,1000000,1.0000000000000002e-13,7523.000000000001
1943.04,Abr.,m$n,1000000,1.0000000000000002e-13,7568.5
1943.05,May.,m$n,1000000,1.0000000000000002e-13,7652.5
1943.06,Jun.,m$n,1000000,1.0000000000000002e-13,7825.3
1943.07,Jul.,m$n,1000000,1.0000000000000002e-13,7771.500000000001
1943.08,Ago.,m$n,1000000,1.0000000000000002e-13,7869.9
1943.09,Set.,m$n,1000000,1.0000000000000002e-13,7768.2
1943.1,Oct.,m$n,1000000,1.0000000000000002e-13,7981.2
1943.11,Nov.,m$n,1000000,1.0000000000000002e-13,8201.6
1943.12,Dic.,m$n,1000000,1.0000000000000002e-13,8368.8
1943.13,,,,,
1944.01,Ene.,m$n,1000000,1.0000000000000002e-13,8516
1944.02,Feb.,m$n,1000000,1.0000000000000002e-13,8761.4
1944.03,Mar.,m$n,1000000,1.0000000000000002e-13,8934.300000000001
1944.04,Abr.,m$n,1000000,1.0000000000000002e-13,8958.800000000001
1944.05,May.,m$n,1000000,1.0000000000000002e-13,9066.499999999998
1944.06,Jun.,m$n,1000000,1.0000000000000002e-13,9279
1944.07,Jul.,m$n,1000000,1.0000000000000002e-13,9225.9
1944.08,Ago.,m$n,1000000,1.0000000000000002e-13,9354.499999999998
1944.09,Set.,m$n,1000000,1.0000000000000002e-13,9534.5
1944.1,Oct.,m$n,1000000,1.0000000000000002e-13,9641.900000000001
1944.11,Nov.,m$n,1000000,1.0000000000000002e-13,9821.499999999998
1944.12,Dic.,m$n,1000000,1.0000000000000002e-13,10062.4
1944.13,,,,,
1945.01,Ene.,m$n,1000000,1.0000000000000002e-13,10129.400000000001
1945.02,Feb.,m$n,1000000,1.0000000000000002e-13,10205.7
1945.03,Mar.,m$n,1000000,1.0000000000000002e-13,10274.999999999998
1945.04,Abr.,m$n,1000000,1.0000000000000002e-13,10432.2
1945.05,May.,m$n,1000000,1.0000000000000002e-13,10554.9
1945.06,Jun.,m$n,1000000,1.0000000000000002e-13,10771.9
1945.07,Jul.,m$n,1000000,1.0000000000000002e-13,10847.9
1945.08,Ago.,m$n,1000000,1.0000000000000002e-13,11004.2
1945.09,Set.,m$n,1000000,1.0000000000000002e-13,11098.2
1945.1,Oct.,m$n,1000000,1.0000000000000002e-13,11313.5
1945.11,Nov.,m$n,1000000,1.0000000000000002e-13,11446.099999999999
1945.12,Dic.,m$n,1000000,1.0000000000000002e-13,11660.2
1945.13,,,,,
1946.01,Ene.,m$n,1000000,1.0000000000000002e-13,11724.4
1946.02,Feb.,m$n,1000000,1.0000000000000002e-13,11967.500000000002
1946.03,Mar.,m$n,1000000,1.0000000000000002e-13,12058.8
1946.04,Abr.,m$n,1000000,1.0000000000000002e-13,12263.3
1946.05,May.,m$n,1000000,1.0000000000000002e-13,12434.5
1946.06,Jun.,m$n,1000000,1.0000000000000002e-13,12620.1
1946.07,Jul.,m$n,1000000,1.0000000000000002e-13,13480.3
1946.08,Ago.,m$n,1000000,1.0000000000000002e-13,13534.7
1946.09,Set.,m$n,1000000,1.0000000000000002e-13,13635.7
1946.1,Oct.,m$n,1000000,1.0000000000000002e-13,13860.399999999998
1946.11,Nov.,m$n,1000000,1.0000000000000002e-13,14187.1
1946.12,Dic.,m$n,1000000,1.0000000000000002e-13,14383.5
1946.13,,,,,
1947.01,Ene. ,m$n,1000000,1.0000000000000002e-13,14482.500000000002
1947.02,Feb.,m$n,1000000,1.0000000000000002e-13,14720.400000000001
1947.03,Mar.,m$n,1000000,1.0000000000000002e-13,15123.999999999998
1947.04,Abr.,m$n,1000000,1.0000000000000002e-13,15540.5
1947.05,May.,m$n,1000000,1.0000000000000002e-13,15663.7
1947.06,Jun.,m$n,1000000,1.0000000000000002e-13,15541.5
1947.07,Jul.,m$n,1000000,1.0000000000000002e-13,15640.9
1947.08,Ago.,m$n,1000000,1.0000000000000002e-13,15752.999999999998
1947.09,Set.,m$n,1000000,1.0000000000000002e-13,15680.7
1947.1,Oct.,m$n,1000000,1.0000000000000002e-13,15854.8
1947.11,Nov.,m$n,1000000,1.0000000000000002e-13,16200.599999999999
1947.12,Dic.,m$n,1000000,1.0000000000000002e-13,17220.2
1947.13,,,,,
1948.01,Ene. ,m$n,1000000,1.0000000000000002e-13,17640.2
1948.02,Feb.,m$n,1000000,1.0000000000000002e-13,17748.3
1948.03,Mar.,m$n,1000000,1.0000000000000002e-13,18091.1
1948.04,Abr.,m$n,1000000,1.0000000000000002e-13,18387
1948.05,May.,m$n,1000000,1.0000000000000002e-13,18735.900000000005
1948.06,Jun.,m$n,1000000,1.0000000000000002e-13,18985.300000000003
1948.07,Jul.,m$n,1000000,1.0000000000000002e-13,19290.100000000002
1948.08,Ago.,m$n,1000000,1.0000000000000002e-13,19671.4
1948.09,Set.,m$n,1000000,1.0000000000000002e-13,20526.899999999998
1948.1,Oct.,m$n,1000000,1.0000000000000002e-13,21599.2
1948.11,Nov.,m$n,1000000,1.0000000000000002e-13,22218.300000000003
1948.12,Dic.,m$n,1000000,1.0000000000000002e-13,23086.1
1948.13,,,,,
1949.01,Ene.,m$n,1000000,1.0000000000000002e-13,23380.5
1949.02,Feb.,m$n,1000000,1.0000000000000002e-13,23860.6
1949.03,Mar.,m$n,1000000,1.0000000000000002e-13,24149.9
1949.04,Abr.,m$n,1000000,1.0000000000000002e-13,24375.8
1949.05,May.,m$n,1000000,1.0000000000000002e-13,24731.4
1949.06,Jun.,m$n,1000000,1.0000000000000002e-13,25748.7
1949.07,Jul.,m$n,1000000,1.0000000000000002e-13,26229.9
1949.08,Ago.,m$n,1000000,1.0000000000000002e-13,26335.9
1949.09,Set.,m$n,1000000,1.0000000000000002e-13,26820.199999999997
1949.1,Oct.,m$n,1000000,1.0000000000000002e-13,27036.300000000003
1949.11,Nov.,m$n,1000000,1.0000000000000002e-13,27382.299999999996
1949.12,Dic.,m$n,1000000,1.0000000000000002e-13,28530.1
1949.13,,,,,
1950.01,Ene.,m$n,1000000,1.0000000000000002e-13,28921.800000000003
1950.02,Feb.,m$n,1000000,1.0000000000000002e-13,29322.6
1950.03,Mar.,m$n,1000000,1.0000000000000002e-13,29564.7
1950.04,Abr.,m$n,1000000,1.0000000000000002e-13,29676
1950.05,May.,m$n,1000000,1.0000000000000002e-13,30045.6
1950.06,Jun.,m$n,1000000,1.0000000000000002e-13,30390.4
1950.07,Jul.,m$n,1000000,1.0000000000000002e-13,30709.5
1950.08,Ago.,m$n,1000000,1.0000000000000002e-13,31201.3
1950.09,Set.,m$n,1000000,1.0000000000000002e-13,31472.999999999996
1950.1,Oct.,m$n,1000000,1.0000000000000002e-13,31909.9
1950.11,Nov.,m$n,1000000,1.0000000000000002e-13,32710.4
1950.12,Dic.,m$n,1000000,1.0000000000000002e-13,34116.4
1950.13,,,,,
1951.01,Ene. ,m$n,1000000,1.0000000000000002e-13,34768.3
1951.02,Feb.,m$n,1000000,1.0000000000000002e-13,35683.6
1951.03,Mar.,m$n,1000000,1.0000000000000002e-13,36137.5
1951.04,Abr.,m$n,1000000,1.0000000000000002e-13,36605.299999999996
1951.05,May.,m$n,1000000,1.0000000000000002e-13,37164.49999999999
1951.06,Jun.,m$n,1000000,1.0000000000000002e-13,37583.6
1951.07,Jul.,m$n,1000000,1.0000000000000002e-13,37976.6
1951.08,Ago.,m$n,1000000,1.0000000000000002e-13,38548.6
1951.09,Set.,m$n,1000000,1.0000000000000002e-13,38987.8
1951.1,Oct.,m$n,1000000,1.0000000000000002e-13,38921.299999999996
1951.11,Nov.,m$n,1000000,1.0000000000000002e-13,39408.899999999994
1951.12,Dic.,m$n,1000000,1.0000000000000002e-13,40408.9
1951.13,,,,,
1952.01,Ene. ,m$n,1000000,1.0000000000000002e-13,40461.9
1952.02,Feb.,m$n,1000000,1.0000000000000002e-13,40706.299999999996
1952.03,Mar.,m$n,1000000,1.0000000000000002e-13,40930
1952.04,Abr.,m$n,1000000,1.0000000000000002e-13,41188.6
1952.05,May.,m$n,1000000,1.0000000000000002e-13,41503
1952.06,Jun.,m$n,1000000,1.0000000000000002e-13,41795.6
1952.07,Jul.,m$n,1000000,1.0000000000000002e-13,42021.8
1952.08,Ago.,m$n,1000000,1.0000000000000002e-13,42421.50000000001
1952.09,Set.,m$n,1000000,1.0000000000000002e-13,42713.8
1952.1,Oct.,m$n,1000000,1.0000000000000002e-13,42884.7
1952.11,Nov.,m$n,1000000,1.0000000000000002e-13,43733.9
1952.12,Dic.,m$n,1000000,1.0000000000000002e-13,45393.2
1952.13,,,,,
1953.01,Ene. ,m$n,1000000,1.0000000000000002e-13,47005.1
1953.02,Feb.,m$n,1000000,1.0000000000000002e-13,48393.3
1953.03,Mar.,m$n,1000000,1.0000000000000002e-13,49526.7
1953.04,Abr.,m$n,1000000,1.0000000000000002e-13,50087.5
1953.05,May.,m$n,1000000,1.0000000000000002e-13,50849.59999999999
1953.06,Jun.,m$n,1000000,1.0000000000000002e-13,51640.8
1953.07,Jul.,m$n,1000000,1.0000000000000002e-13,51920.1
1953.08,Ago.,m$n,1000000,1.0000000000000002e-13,52424.5
1953.09,Set.,m$n,1000000,1.0000000000000002e-13,53358.600000000006
1953.1,Oct.,m$n,1000000,1.0000000000000002e-13,53449.7
1953.11,Nov.,m$n,1000000,1.0000000000000002e-13,55181.9
1953.12,Dic.,m$n,1000000,1.0000000000000002e-13,56650
1953.13,,,,,
1954.01,Ene.,m$n,1000000,1.0000000000000002e-13,57675.00000000001
1954.02,Feb.,m$n,1000000,1.0000000000000002e-13,59170.3
1954.03,Mar.,m$n,1000000,1.0000000000000002e-13,59738.2
1954.04,Abr.,m$n,1000000,1.0000000000000002e-13,60296.399999999994
1954.05,May.,m$n,1000000,1.0000000000000002e-13,60869.9
1954.06,Jun.,m$n,1000000,1.0000000000000002e-13,61194.49999999999
1954.07,Jul.,m$n,1000000,1.0000000000000002e-13,61659.2
1954.08,Ago.,m$n,1000000,1.0000000000000002e-13,62442
1954.09,Set.,m$n,1000000,1.0000000000000002e-13,63271
1954.1,Oct.,m$n,1000000,1.0000000000000002e-13,63659.59999999999
1954.11,Nov.,m$n,1000000,1.0000000000000002e-13,64941.7
1954.12,Dic.,m$n,1000000,1.0000000000000002e-13,68211.90000000001
1954.13,,,,,
1955.01,Ene.,m$n,1000000,1.0000000000000002e-13,69588.6
1955.02,Feb.,m$n,1000000,1.0000000000000002e-13,70774.7
1955.03,Mar.,m$n,1000000,1.0000000000000002e-13,71277.4
1955.04,Abr.,m$n,1000000,1.0000000000000002e-13,71569.5
1955.05,May.,m$n,1000000,1.0000000000000002e-13,72091.3
1955.06,Jun.,m$n,1000000,1.0000000000000002e-13,72535.70000000001
1955.07,Jul.,m$n,1000000,1.0000000000000002e-13,73143.7
1955.08,Ago.,m$n,1000000,1.0000000000000002e-13,73810.90000000001
1955.09,Set.,m$n,1000000,1.0000000000000002e-13,74049
1955.1,Oct.,m$n,1000000,1.0000000000000002e-13,74750.1
1955.11,Nov.,m$n,1000000,1.0000000000000002e-13,76353.29999999999
1955.12,Dic.,m$n,1000000,1.0000000000000002e-13,80199.3
1955.13,,,,,
1956.01,Ene.,m$n,1000000,1.0000000000000002e-13,82409.7
1956.02,Feb.,m$n,1000000,1.0000000000000002e-13,84672.30000000002
1956.03,Mar.,m$n,1000000,1.0000000000000002e-13,85475.2
1956.04,Abr.,m$n,1000000,1.0000000000000002e-13,84518.1
1956.05,May.,m$n,1000000,1.0000000000000002e-13,85539.4
1956.06,Jun.,m$n,1000000,1.0000000000000002e-13,86460.9
1956.07,Jul.,m$n,1000000,1.0000000000000002e-13,90545.1
1956.08,Ago.,m$n,1000000,1.0000000000000002e-13,91202.2
1956.09,Set.,m$n,1000000,1.0000000000000002e-13,92795.70000000001
1956.1,Oct.,m$n,1000000,1.0000000000000002e-13,94635.3
1956.11,Nov.,m$n,1000000,1.0000000000000002e-13,97289.4
1956.12,Dic.,m$n,1000000,1.0000000000000002e-13,99533.79999999999
1956.13,,,,,
1957.01,Ene. ,m$n,1000000,1.0000000000000002e-13,102737.59999999998
1957.02,Feb.,m$n,1000000,1.0000000000000002e-13,104479.4
1957.03,Mar.,m$n,1000000,1.0000000000000002e-13,105131.4
1957.04,Abr.,m$n,1000000,1.0000000000000002e-13,105559.5
1957.05,May.,m$n,1000000,1.0000000000000002e-13,106630.00000000001
1957.06,Jun.,m$n,1000000,1.0000000000000002e-13,106915.4
1957.07,Jul.,m$n,1000000,1.0000000000000002e-13,107359.1
1957.08,Ago.,m$n,1000000,1.0000000000000002e-13,107753.69999999998
1957.09,Set.,m$n,1000000,1.0000000000000002e-13,108081.09999999998
1957.1,Oct.,m$n,1000000,1.0000000000000002e-13,106934.6
1957.11,Nov.,m$n,1000000,1.0000000000000002e-13,106819.4
1957.12,Dic.,m$n,1000000,1.0000000000000002e-13,112642
1957.13,,,,,
1958.01,Ene. ,m$n,1000000,1.0000000000000002e-13,114031.99999999999
1958.02,Feb.,m$n,1000000,1.0000000000000002e-13,115987.8
1958.03,Mar.,m$n,1000000,1.0000000000000002e-13,119161.9
1958.04,Abr.,m$n,1000000,1.0000000000000002e-13,118148.6
1958.05,May.,m$n,1000000,1.0000000000000002e-13,119344.7
1958.06,Jun.,m$n,1000000,1.0000000000000002e-13,120497.7
1958.07,Jul.,m$n,1000000,1.0000000000000002e-13,124456.29999999999
1958.08,Ago.,m$n,1000000,1.0000000000000002e-13,127726.6
1958.09,Set.,m$n,1000000,1.0000000000000002e-13,134638.7
1958.1,Oct.,m$n,1000000,1.0000000000000002e-13,139781.6
1958.11,Nov.,m$n,1000000,1.0000000000000002e-13,146139.5
1958.12,Dic.,m$n,1000000,1.0000000000000002e-13,159322.4
1958.13,,,,,
1959.01,Ene.,m$n,1000000,1.0000000000000002e-13,162902.2
1959.02,Feb.,m$n,1000000,1.0000000000000002e-13,167658.19999999998
1959.03,Mar.,m$n,1000000,1.0000000000000002e-13,169069.90000000002
1959.04,Abr.,m$n,1000000,1.0000000000000002e-13,171976.3
1959.05,May.,m$n,1000000,1.0000000000000002e-13,177085.9
1959.06,Jun.,m$n,1000000,1.0000000000000002e-13,186753
1959.07,Jul.,m$n,1000000,1.0000000000000002e-13,184887.2
1959.08,Ago.,m$n,1000000,1.0000000000000002e-13,188000.7
1959.09,Set.,m$n,1000000,1.0000000000000002e-13,190699.90000000002
1959.1,Oct.,m$n,1000000,1.0000000000000002e-13,195967.59999999998
1959.11,Nov.,m$n,1000000,1.0000000000000002e-13,201802.2
1959.12,Dic.,m$n,1000000,1.0000000000000002e-13,213505.9
1959.13,,,,,
1960.01,Ene.,m$n,1000000,1.0000000000000002e-13,217744.1
1960.02,Feb.,m$n,1000000,1.0000000000000002e-13,221676.3
1960.03,Mar.,m$n,1000000,1.0000000000000002e-13,226932.40000000002
1960.04,Abr.,m$n,1000000,1.0000000000000002e-13,231777.40000000002
1960.05,May.,m$n,1000000,1.0000000000000002e-13,239330.3
1960.06,Jun.,m$n,1000000,1.0000000000000002e-13,243768.00000000003
1960.07,Jul.,m$n,1000000,1.0000000000000002e-13,249689.8
1960.08,Ago.,m$n,1000000,1.0000000000000002e-13,256192.2
1960.09,Set.,m$n,1000000,1.0000000000000002e-13,256108.6
1960.1,Oct.,m$n,1000000,1.0000000000000002e-13,258077.90000000002
1960.11,Nov.,m$n,1000000,1.0000000000000002e-13,265142.3
1960.12,Dic.,m$n,1000000,1.0000000000000002e-13,278304.89999999997
1960.13,,,,,
1961.01,Ene. ,m$n,1000000,1.0000000000000002e-13,282731.3
1961.02,Feb.,m$n,1000000,1.0000000000000002e-13,282896
1961.03,Mar.,m$n,1000000,1.0000000000000002e-13,288480.9
1961.04,Abr.,m$n,1000000,1.0000000000000002e-13,290596.5
1961.05,May.,m$n,1000000,1.0000000000000002e-13,293803.60000000003
1961.06,Jun.,m$n,1000000,1.0000000000000002e-13,296052.1
1961.07,Jul.,m$n,1000000,1.0000000000000002e-13,295806.6
1961.08,Ago.,m$n,1000000,1.0000000000000002e-13,300654.69999999995
1961.09,Set.,m$n,1000000,1.0000000000000002e-13,302634.7
1961.1,Oct.,m$n,1000000,1.0000000000000002e-13,302544.5
1961.11,Nov.,m$n,1000000,1.0000000000000002e-13,306333.89999999997
1961.12,Dic.,m$n,1000000,1.0000000000000002e-13,317508.60000000003
1961.13,,,,,
1962.01,Ene. ,m$n,1000000,1.0000000000000002e-13,318790.9
1962.02,Feb.,m$n,1000000,1.0000000000000002e-13,318854.89999999997
1962.03,Mar.,m$n,1000000,1.0000000000000002e-13,325233
1962.04,Abr.,m$n,1000000,1.0000000000000002e-13,318592.30000000005
1962.05,May.,m$n,1000000,1.0000000000000002e-13,318705.2
1962.06,Jun.,m$n,1000000,1.0000000000000002e-13,322447.10000000003
1962.07,Jul.,m$n,1000000,1.0000000000000002e-13,324832.39999999997
1962.08,Ago.,m$n,1000000,1.0000000000000002e-13,325423.89999999997
1962.09,Set.,m$n,1000000,1.0000000000000002e-13,324227.19999999995
1962.1,Oct.,m$n,1000000,1.0000000000000002e-13,320189.1
1962.11,Nov.,m$n,1000000,1.0000000000000002e-13,324330.10000000003
1962.12,Dic.,m$n,1000000,1.0000000000000002e-13,331372.8
1962.13,,,,,
1963.01,Ene. ,m$n,1000000,1.0000000000000002e-13,334328.5
1963.02,Feb.,m$n,1000000,1.0000000000000002e-13,341414
1963.03,Mar.,m$n,1000000,1.0000000000000002e-13,347419.9
1963.04,Abr.,m$n,1000000,1.0000000000000002e-13,354147.5
1963.05,May.,m$n,1000000,1.0000000000000002e-13,358257.4
1963.06,Jun.,m$n,1000000,1.0000000000000002e-13,368879.4
1963.07,Jul.,m$n,1000000,1.0000000000000002e-13,378384.3
1963.08,Ago.,m$n,1000000,1.0000000000000002e-13,388927.1
1963.09,Set.,m$n,1000000,1.0000000000000002e-13,394948.69999999995
1963.1,Oct.,m$n,1000000,1.0000000000000002e-13,406142.5
1963.11,Nov.,m$n,1000000,1.0000000000000002e-13,418696.4
1963.12,Dic.,m$n,1000000,1.0000000000000002e-13,438404
1963.13,,,,,
1964.01,Ene.,m$n,1000000,1.0000000000000002e-13,454268.4000000001
1964.02,Feb.,m$n,1000000,1.0000000000000002e-13,467436.9
1964.03,Mar.,m$n,1000000,1.0000000000000002e-13,480968.8
1964.04,Abr.,m$n,1000000,1.0000000000000002e-13,503794.2
1964.05,May.,m$n,1000000,1.0000000000000002e-13,522649.8
1964.06,Jun.,m$n,1000000,1.0000000000000002e-13,538441.3999999999
1964.07,Jul.,m$n,1000000,1.0000000000000002e-13,550271.6
1964.08,Ago.,m$n,1000000,1.0000000000000002e-13,565561.1
1964.09,Set.,m$n,1000000,1.0000000000000002e-13,580436
1964.1,Oct.,m$n,1000000,1.0000000000000002e-13,594769.8
1964.11,Nov.,m$n,1000000,1.0000000000000002e-13,611830.2999999999
1964.12,Dic.,m$n,1000000,1.0000000000000002e-13,634747.3999999999
1964.13,,,,,
1965.01,Ene.,m$n,1000000,1.0000000000000002e-13,645329.9
1965.02,Feb.,m$n,1000000,1.0000000000000002e-13,666973.5000000001
1965.03,Mar.,m$n,1000000,1.0000000000000002e-13,685433.7
1965.04,Abr.,m$n,1000000,1.0000000000000002e-13,700709.2
1965.05,May.,m$n,1000000,1.0000000000000002e-13,707375
1965.06,Jun.,m$n,1000000,1.0000000000000002e-13,723954.3000000002
1965.07,Jul.,m$n,1000000,1.0000000000000002e-13,729754.3
1965.08,Ago.,m$n,1000000,1.0000000000000002e-13,741681.5000000001
1965.09,Set.,m$n,1000000,1.0000000000000002e-13,753213.2
1965.1,Oct.,m$n,1000000,1.0000000000000002e-13,753494.3
1965.11,Nov.,m$n,1000000,1.0000000000000002e-13,767036.1
1965.12,Dic.,m$n,1000000,1.0000000000000002e-13,809844.1
1965.13,,,,,
1966.01,Ene.,m$n,1000000,1.0000000000000002e-13,819242.9999999999
1966.02,Feb.,m$n,1000000,1.0000000000000002e-13,835451.6000000001
1966.03,Mar.,m$n,1000000,1.0000000000000002e-13,849341
1966.04,Abr.,m$n,1000000,1.0000000000000002e-13,860282.9
1966.05,May.,m$n,1000000,1.0000000000000002e-13,876496.7
1966.06,Jun.,m$n,1000000,1.0000000000000002e-13,898942.5
1966.07,Jul.,m$n,1000000,1.0000000000000002e-13,917188.9
1966.08,Ago.,m$n,1000000,1.0000000000000002e-13,944991.4
1966.09,Set.,m$n,1000000,1.0000000000000002e-13,964839.7
1966.1,Oct.,m$n,1000000,1.0000000000000002e-13,981862.8000000002
1966.11,Nov.,m$n,1000000,1.0000000000000002e-13,1001033.9
1966.12,Dic.,m$n,1000000,1.0000000000000002e-13,1070845
1966.13,,,,,
1967.01,Ene. ,m$n,1000000000,1.0000000000000002e-13,1088.9
1967.02,Feb.,m$n,1000000000,1.0000000000000002e-13,1106.4
1967.03,Mar.,m$n,1000000000,1.0000000000000002e-13,1138.4
1967.04,Abr.,m$n,1000000000,1.0000000000000002e-13,1179.8
1967.05,May.,m$n,1000000000,1.0000000000000002e-13,1244.9
1967.06,Jun.,m$n,1000000000,1.0000000000000002e-13,1283.8000000000002
1967.07,Jul.,m$n,1000000000,1.0000000000000002e-13,1294.3999999999999
1967.08,Ago.,m$n,1000000000,1.0000000000000002e-13,1317.3000000000002
1967.09,Set.,m$n,1000000000,1.0000000000000002e-13,1338.5
1967.1,Oct.,m$n,1000000000,1.0000000000000002e-13,1362.8000000000002
1967.11,Nov.,m$n,1000000000,1.0000000000000002e-13,1404.1999999999998
1967.12,Dic.,m$n,1000000000,1.0000000000000002e-13,1467.8
1967.13,,,,,
1968.01,Ene. ,m$n,1000000000,1.0000000000000002e-13,1470.8
1968.02,Feb.,m$n,1000000000,1.0000000000000002e-13,1504.6999999999998
1968.03,Mar.,m$n,1000000000,1.0000000000000002e-13,1543.6
1968.04,Abr.,m$n,1000000000,1.0000000000000002e-13,1569.6
1968.05,May.,m$n,1000000000,1.0000000000000002e-13,1616.2
1968.06,Jun.,m$n,1000000000,1.0000000000000002e-13,1672.4
1968.07,Jul.,m$n,1000000000,1.0000000000000002e-13,1701.8
1968.08,Ago.,m$n,1000000000,1.0000000000000002e-13,1739.9
1968.09,Set.,m$n,1000000000,1.0000000000000002e-13,1771.7000000000003
1968.1,Oct.,m$n,1000000000,1.0000000000000002e-13,1803.5
1968.11,Nov.,m$n,1000000000,1.0000000000000002e-13,1951.2
1968.12,Dic.,m$n,1000000000,1.0000000000000002e-13,2030.5
1968.13,,,,,
1969.01,Ene.,m$n,1000000000,1.0000000000000002e-13,2052.7
1969.02,Feb.,m$n,1000000000,1.0000000000000002e-13,2082.1
1969.03,Mar.,m$n,1000000000,1.0000000000000002e-13,2125.7
1969.04,Abr.,m$n,1000000000,1.0000000000000002e-13,2152.3
1969.05,May.,m$n,1000000000,1.0000000000000002e-13,2194.9
1969.06,Jun.,m$n,1000000000,1.0000000000000002e-13,2225.9
1969.07,Jul.,m$n,1000000000,1.0000000000000002e-13,2257.8
1969.08,Ago.,m$n,1000000000,1.0000000000000002e-13,2281.7999999999997
1969.09,Set.,m$n,1000000000,1.0000000000000002e-13,2294.5
1969.1,Oct.,m$n,1000000000,1.0000000000000002e-13,2289
1969.11,Nov.,m$n,1000000000,1.0000000000000002e-13,2336.7000000000003
1969.12,Dic.,m$n,1000000000,1.0000000000000002e-13,2360.8999999999996
1969.13,,,,,
1970.01,Ene.,$ Ley,1000000,1.0000000000000001e-11,24206
1970.02,Feb.,$ Ley,1000000,1.0000000000000001e-11,24749
1970.03,Mar.,$ Ley,1000000,1.0000000000000001e-11,25136
1970.04,Abr.,$ Ley,1000000,1.0000000000000001e-11,25465
1970.05,May.,$ Ley,1000000,1.0000000000000001e-11,25946
1970.06,Jun.,$ Ley,1000000,1.0000000000000001e-11,26606
1970.07,Jul.,$ Ley,1000000,1.0000000000000001e-11,27193
1970.08,Ago.,$ Ley,1000000,1.0000000000000001e-11,27731
1970.09,Set.,$ Ley,1000000,1.0000000000000001e-11,27969
1970.1,Oct.,$ Ley,1000000,1.0000000000000001e-11,28383
1970.11,Nov.,$ Ley,1000000,1.0000000000000001e-11,29266
1970.12,Dic.,$ Ley,1000000,1.0000000000000001e-11,30142
1970.13,,,,,
1971.01,Ene. ,$ Ley,1000000,1.0000000000000001e-11,30203
1971.02,Feb.,$ Ley,1000000,1.0000000000000001e-11,30481
1971.03,Mar.,$ Ley,1000000,1.0000000000000001e-11,31048
1971.04,Abr.,$ Ley,1000000,1.0000000000000001e-11,31779
1971.05,May.,$ Ley,1000000,1.0000000000000001e-11,32547
1971.06,Jun.,$ Ley,1000000,1.0000000000000001e-11,33823
1971.07,Jul.,$ Ley,1000000,1.0000000000000001e-11,34308
1971.08,Ago.,$ Ley,1000000,1.0000000000000001e-11,35284
1971.09,Set.,$ Ley,1000000,1.0000000000000001e-11,36303
1971.1,Oct.,$ Ley,1000000,1.0000000000000001e-11,36953
1971.11,Nov.,$ Ley,1000000,1.0000000000000001e-11,38280
1971.12,Dic.,$ Ley,1000000,1.0000000000000001e-11,40707
1971.13,,,,,
1972.01,Ene. ,$ Ley,1000000,1.0000000000000001e-11,41781
1972.02,Feb.,$ Ley,1000000,1.0000000000000001e-11,43149
1972.03,Mar.,$ Ley,1000000,1.0000000000000001e-11,44636
1972.04,Abr.,$ Ley,1000000,1.0000000000000001e-11,45336
1972.05,May.,$ Ley,1000000,1.0000000000000001e-11,46677
1972.06,Jun.,$ Ley,1000000,1.0000000000000001e-11,48275
1972.07,Jul.,$ Ley,1000000,1.0000000000000001e-11,49991
1972.08,Ago.,$ Ley,1000000,1.0000000000000001e-11,51637
1972.09,Set.,$ Ley,1000000,1.0000000000000001e-11,54638
1972.1,Oct.,$ Ley,1000000,1.0000000000000001e-11,56728
1972.11,Nov.,$ Ley,1000000,1.0000000000000001e-11,59410
1972.12,Dic.,$ Ley,1000000,1.0000000000000001e-11,64457
1972.13,,,,,
1973.01,Ene. ,$ Ley,1000000,1.0000000000000001e-11,66611
1973.02,Feb.,$ Ley,1000000,1.0000000000000001e-11,69654
1973.03,Mar.,$ Ley,1000000,1.0000000000000001e-11,73697
1973.04,Abr.,$ Ley,1000000,1.0000000000000001e-11,77859
1973.05,May.,$ Ley,1000000,1.0000000000000001e-11,82521
1973.06,Jun.,$ Ley,1000000,1.0000000000000001e-11,88064
1973.07,Jul.,$ Ley,1000000,1.0000000000000001e-11,93445
1973.08,Ago.,$ Ley,1000000,1.0000000000000001e-11,99477
1973.09,Set.,$ Ley,1000000,1.0000000000000001e-11,103364
1973.1,Oct.,$ Ley,1000000,1.0000000000000001e-11,107903
1973.11,Nov.,$ Ley,1000000,1.0000000000000001e-11,114938
1973.12,Dic.,$ Ley,1000000,1.0000000000000001e-11,123957
1973.13,,,,,
1974.01,Ene.,$ Ley,1000000,1.0000000000000001e-11,128344
1974.02,Feb.,$ Ley,1000000,1.0000000000000001e-11,132391
1974.03,Mar.,$ Ley,1000000,1.0000000000000001e-11,135711
1974.04,Abr.,$ Ley,1000000,1.0000000000000001e-11,141474
1974.05,May.,$ Ley,1000000,1.0000000000000001e-11,149165
1974.06,Jun.,$ Ley,1000000,1.0000000000000001e-11,156139
1974.07,Jul.,$ Ley,1000000,1.0000000000000001e-11,162791
1974.08,Ago.,$ Ley,1000000,1.0000000000000001e-11,169688
1974.09,Set.,$ Ley,1000000,1.0000000000000001e-11,175174
1974.1,Oct.,$ Ley,1000000,1.0000000000000001e-11,180797
1974.11,Nov.,$ Ley,1000000,1.0000000000000001e-11,186460
1974.12,Dic.,$ Ley,1000000,1.0000000000000001e-11,198800
1974.13,,,,,
1975.01,Ene.,$ Ley,1000000,1.0000000000000001e-11,202376
1975.02,Feb.,$ Ley,1000000,1.0000000000000001e-11,207360
1975.03,Mar.,$ Ley,1000000,1.0000000000000001e-11,210494
1975.04,Abr.,$ Ley,1000000,1.0000000000000001e-11,215269
1975.05,May.,$ Ley,1000000,1.0000000000000001e-11,223643
1975.06,Jun.,$ Ley,1000000,1.0000000000000001e-11,238377
1975.07,Jul.,$ Ley,1000000,1.0000000000000001e-11,256330
1975.08,Ago.,$ Ley,1000000,1.0000000000000001e-11,285400
1975.09,Set.,$ Ley,1000000,1.0000000000000001e-11,325101
1975.1,Oct.,$ Ley,1000000,1.0000000000000001e-11,360373
1975.11,Nov.,$ Ley,1000000,1.0000000000000001e-11,397528
1975.12,Dic.,$ Ley,1000000,1.0000000000000001e-11,480748
1975.13,,,,,
1976.01,Ene.,$ Ley,1000000,1.0000000000000001e-11,541980
1976.02,Feb.,$ Ley,1000000,1.0000000000000001e-11,595195
1976.03,Mar.,$ Ley,1000000,1.0000000000000001e-11,675397
1976.04,Abr.,$ Ley,1000000,1.0000000000000001e-11,760201
1976.05,May.,$ Ley,1000000,1.0000000000000001e-11,886762
1976.06,Jun.,$ Ley,1000000,1.0000000000000001e-11,1092505
1976.07,Jul.,$ Ley,1000000,1.0000000000000001e-11,1257338
1976.08,Ago.,$ Ley,1000000,1.0000000000000001e-11,1408847
1976.09,Set.,$ Ley,1000000,1.0000000000000001e-11,1556480
1976.1,Oct.,$ Ley,1000000,1.0000000000000001e-11,1705393
1976.11,Nov.,$ Ley,1000000,1.0000000000000001e-11,1890981
1976.12,Dic.,$ Ley,1000000,1.0000000000000001e-11,2174073
1976.13,,,,,
1977.01,Ene. ,$ Ley,1000000,1.0000000000000001e-11,2334631
1977.02,Feb.,$ Ley,1000000,1.0000000000000001e-11,2563109
1977.03,Mar.,$ Ley,1000000,1.0000000000000001e-11,2808679
1977.04,Abr.,$ Ley,1000000,1.0000000000000001e-11,3222780
1977.05,May.,$ Ley,1000000,1.0000000000000001e-11,3735515
1977.06,Jun.,$ Ley,1000000,1.0000000000000001e-11,4077553
1977.07,Jul.,$ Ley,1000000,1.0000000000000001e-11,4500873
1977.08,Ago.,$ Ley,1000000,1.0000000000000001e-11,4936186
1977.09,Set.,$ Ley,1000000,1.0000000000000001e-11,5309626
1977.1,Oct.,$ Ley,1000000,1.0000000000000001e-11,5690864
1977.11,Nov.,$ Ley,1000000,1.0000000000000001e-11,6242372
1977.12,Dic.,$ Ley,1000000,1.0000000000000001e-11,6992041
1977.13,,,,,
1978.01,Ene. ,$ Ley,1000000,1.0000000000000001e-11,7835139
1978.02,Feb.,$ Ley,1000000,1.0000000000000001e-11,8519432
1978.03,Mar.,$ Ley,1000000,1.0000000000000001e-11,9103960
1978.04,Abr.,$ Ley,1000000,1.0000000000000001e-11,9946289
1978.05,May.,$ Ley,1000000,1.0000000000000001e-11,10996839
1978.06,Jun.,$ Ley,1000000,1.0000000000000001e-11,12263052
1978.07,Jul.,$ Ley,1000000,1.0000000000000001e-11,13375514
1978.08,Ago.,$ Ley,1000000,1.0000000000000001e-11,14578317
1978.09,Set.,$ Ley,1000000,1.0000000000000001e-11,15501237
1978.1,Oct.,$ Ley,1000000,1.0000000000000001e-11,16645662
1978.11,Nov.,$ Ley,1000000,1.0000000000000001e-11,17964916
1978.12,Dic.,$ Ley,1000000,1.0000000000000001e-11,19385229
1978.13,,,,,
1979.01,Ene.,$ Ley,1000000,1.0000000000000001e-11,21571987
1979.02,Feb.,$ Ley,1000000,1.0000000000000001e-11,22933980
1979.03,Mar.,$ Ley,1000000,1.0000000000000001e-11,24692695
1979.04,Abr.,$ Ley,1000000,1.0000000000000001e-11,26728358
1979.05,May.,$ Ley,1000000,1.0000000000000001e-11,29553137
1979.06,Jun.,$ Ley,1000000,1.0000000000000001e-11,32515851
1979.07,Jul.,$ Ley,1000000,1.0000000000000001e-11,35617583
1979.08,Ago.,$ Ley,1000000,1.0000000000000001e-11,38887051
1979.09,Set.,$ Ley,1000000,1.0000000000000001e-11,42091862
1979.1,Oct.,$ Ley,1000000,1.0000000000000001e-11,47002545
1979.11,Nov.,$ Ley,1000000000,1.0000000000000001e-11,50789.1
1979.12,Dic.,$ Ley,1000000000,1.0000000000000001e-11,55160.7
1979.13,,,,,
1980.01,Ene.,$ Ley,1000000000,1.0000000000000001e-11,59219.9
1980.02,Feb.,$ Ley,1000000000,1.0000000000000001e-11,62748
1980.03,Mar.,$ Ley,1000000000,1.0000000000000001e-11,66301.4
1980.04,Abr.,$ Ley,1000000000,1.0000000000000001e-11,68448.40000000001
1980.05,May.,$ Ley,1000000000,1.0000000000000001e-11,70455.3
1980.06,Jun.,$ Ley,1000000000,1.0000000000000001e-11,75036.70000000001
1980.07,Jul.,$ Ley,1000000000,1.0000000000000001e-11,81205.4
1980.08,Ago.,$ Ley,1000000000,1.0000000000000001e-11,86538.4
1980.09,Set.,$ Ley,1000000000,1.0000000000000001e-11,90943.6
1980.1,Oct.,$ Ley,1000000000,1.0000000000000001e-11,95078.2
1980.11,Nov.,$ Ley,1000000000,1.0000000000000001e-11,99316.2
1980.12,Dic.,$ Ley,1000000000,1.0000000000000001e-11,106663
1980.13,,,,,
1981.01,Ene. ,$ Ley,1000000000,1.0000000000000001e-11,108206
1981.02,Feb.,$ Ley,1000000000,1.0000000000000001e-11,111186
1981.03,Mar.,$ Ley,1000000000,1.0000000000000001e-11,111708
1981.04,Abr.,$ Ley,1000000000,1.0000000000000001e-11,119271
1981.05,May.,$ Ley,1000000000,1.0000000000000001e-11,123738
1981.06,Jun.,$ Ley,1000000000,1.0000000000000001e-11,134401
1981.07,Jul.,$ Ley,1000000000,1.0000000000000001e-11,147092
1981.08,Ago.,$ Ley,1000000000,1.0000000000000001e-11,159496
1981.09,Set.,$ Ley,1000000000,1.0000000000000001e-11,175791
1981.1,Oct.,$ Ley,1000000000,1.0000000000000001e-11,190222
1981.11,Nov.,$ Ley,1000000000,1.0000000000000001e-11,204028
1981.12,Dic.,$ Ley,1000000000,1.0000000000000001e-11,222904
1981.13,,,,,
1982.01,Ene. ,$ Ley,1000000000,1.0000000000000001e-11,236151
1982.02,Feb.,$ Ley,1000000000,1.0000000000000001e-11,250968
1982.03,Mar.,$ Ley,1000000000,1.0000000000000001e-11,265392
1982.04,Abr.,$ Ley,1000000000,1.0000000000000001e-11,276708
1982.05,May.,$ Ley,1000000000,1.0000000000000001e-11,294728
1982.06,Jun.,$ Ley,1000000000,1.0000000000000001e-11,312587
1982.07,Jul.,$ Ley,1000000000,1.0000000000000001e-11,343103
1982.08,Ago.,$ Ley,1000000000,1.0000000000000001e-11,357143
1982.09,Set.,$ Ley,1000000000,1.0000000000000001e-11,364728
1982.1,Oct.,$ Ley,1000000000,1.0000000000000001e-11,395480
1982.11,Nov.,$ Ley,1000000000,1.0000000000000001e-11,436486
1982.12,Dic.,$ Ley,1000000000,1.0000000000000001e-11,514386
1982.13,,,,,
1983.01,Ene. ,peso argentino,1000000,1.0000000000000001e-07,59403
1983.02,Feb.,peso argentino,1000000,1.0000000000000001e-07,64750
1983.03,Mar.,peso argentino,1000000,1.0000000000000001e-07,70513
1983.04,Abr.,peso argentino,1000000,1.0000000000000001e-07,78905
1983.05,May.,peso argentino,1000000,1.0000000000000001e-07,90233
1983.06,Jun.,peso argentino,1000000,1.0000000000000001e-07,100576
1983.07,Jul.,peso argentino,1000000,1.0000000000000001e-07,111308
1983.08,Ago.,peso argentino,1000000,1.0000000000000001e-07,125022
1983.09,Set.,peso argentino,1000000,1.0000000000000001e-07,139053
1983.1,Oct.,peso argentino,1000000,1.0000000000000001e-07,161481
1983.11,Nov.,peso argentino,1000000,1.0000000000000001e-07,194494
1983.12,Dic.,peso argentino,1000000,1.0000000000000001e-07,247284
1983.13,,,,,
1984.01,Ene.,peso argentino,1000000,1.0000000000000001e-07,298616
1984.02,Feb.,peso argentino,1000000,1.0000000000000001e-07,348784
1984.03,Mar.,peso argentino,1000000,1.0000000000000001e-07,404207
1984.04,Abr.,peso argentino,1000000,1.0000000000000001e-07,465990
1984.05,May.,peso argentino,1000000,1.0000000000000001e-07,538735
1984.06,Jun.,peso argentino,1000000,1.0000000000000001e-07,638406
1984.07,Jul.,peso argentino,1000000,1.0000000000000001e-07,742013
1984.08,Ago.,peso argentino,1000000,1.0000000000000001e-07,878406
1984.09,Set.,peso argentino,1000000,1.0000000000000001e-07,1007979
1984.1,Oct.,peso argentino,1000000,1.0000000000000001e-07,1164261
1984.11,Nov.,peso argentino,1000000,1.0000000000000001e-07,1406104
1984.12,Dic.,peso argentino,1000000,1.0000000000000001e-07,1692186
1984.13,,,,,
1985.01,Ene.,Australes,1000,0.0001,2052858
1985.02,Feb.,Australes,1000,0.0001,2468267
1985.03,Mar.,Australes,1000,0.0001,3049965
1985.04,Abr.,Australes,1000,0.0001,3861567
1985.05,May.,Australes,1000,0.0001,4877631
1985.06,Jun.,Australes,1000,0.0001,6505204
1985.07,Jul.,Australes,1000,0.0001,7519146
1985.08,Ago.,Australes,1000,0.0001,8096615
1985.09,Set.,Australes,1000,0.0001,8717328
1985.1,Oct.,Australes,1000,0.0001,9567180
1985.11,Nov.,Australes,1000,0.0001,10103821
1985.12,Dic.,Australes,1000,0.0001,10977735
1985.13,,,,,
1986.01,Ene.,Australes,1000,0.0001,11462104
1986.02,Feb.,Australes,1000,0.0001,11891879
1986.03,Mar.,Australes,1000,0.0001,12413590
1986.04,Abr.,Australes,1000,0.0001,13021761
1986.05,May.,Australes,1000,0.0001,14038689
1986.06,Jun.,Australes,1000,0.0001,14852373.129999999
1986.07,Jul.,Australes,1000,0.0001,15738174.858
1986.08,Ago.,Australes,1000,0.0001,16483135.925999999
1986.09,Set.,Australes,1000,0.0001,16968965.673
1986.1,Oct.,Australes,1000,0.0001,18494278.678999998
1986.11,Nov.,Australes,1000,0.0001,19410680.018
1986.12,Dic.,Australes,1000,0.0001,21099504.156
1986.13,,,,,
1987.01,Ene. ,Australes,1000,0.0001,22263013.952
1987.02,Feb.,Australes,1000,0.0001,23329902.998
1987.03,Mar.,Australes,1000,0.0001,24520281.283
1987.04,Abr.,Australes,1000,0.0001,25548441.305
1987.05,May.,Australes,1000,0.0001,27268778.303999998
1987.06,Jun.,Australes,1000,0.0001,29368421.436
1987.07,Jul.,Australes,1000,0.0001,31755938.278
1987.08,Ago.,Australes,1000,0.0001,33917809.561000004
1987.09,Set.,Australes,1000,0.0001,36935639.096
1987.1,Oct.,Australes,1000,0.0001,42577555.475999996
1987.11,Nov.,Australes,1000,0.0001,46521269.269999996
1987.12,Dic.,Australes,1000,0.0001,52733759.355000004
1987.13,,,,,
1988.01,Ene. ,Australes,1000000,0.0001,57859.23954
1988.02,Feb.,Australes,1000000,0.0001,63789.15954
1988.03,Mar.,Australes,1000000,0.0001,73096.031483
1988.04,Abr.,Australes,1000000,0.0001,82755.43388699999
1988.05,May.,Australes,1000000,0.0001,96503.633103
1988.06,Jun.,Australes,1000000,0.0001,115941.610829
1988.07,Jul.,Australes,1000000,0.0001,136567.96787
1988.08,Ago.,Australes,1000000,0.0001,170107.22278
1988.09,Set.,Australes,1000000,0.0001,195813.420559
1988.1,Oct.,Australes,1000000,0.0001,213797.400463
1988.11,Nov.,Australes,1000000,0.0001,238783.75811599998
1988.12,Dic.,Australes,1000000,0.0001,283634.805274
1988.13,,,,,
1989.01,Ene.,Australes,1000000,0.0001,316436.14409
1989.02,Feb.,Australes,1000000,0.0001,360658.667241
1989.03,Mar.,Australes,1000000,0.0001,441518.39523799997
1989.04,Abr.,Australes,1000000,0.0001,544575.3121420001
1989.05,May.,Australes,1000000,0.0001,886708.857272
1989.06,Jun.,Australes,1000000,0.0001,1768980.7889999999
1989.07,Jul.,Australes,1000000,0.0001,3566057.291
1989.08,Ago.,Australes,1000000,0.0001,4951307.518999999
1989.09,Set.,Australes,1000000,0.0001,6093810.816
1989.1,Oct.,Australes,1000000,0.0001,7264915.639
1989.11,Nov.,Australes,1000000,0.0001,7720633.214
1989.12,Dic.,Australes,1000000,0.0001,9372752.666000001
1989.13,,,,,
1990.01,Ene.,Pesos,1000,1,1014975.3859999999
1990.02,Feb.,Pesos,1000,1,1592225.331
1990.03,Mar.,Pesos,1000,1,1907411.6129
1990.04,Abr.,Pesos,1000,1,2659952.3403000003
1990.05,May.,Pesos,1000,1,3172579.9184
1990.06,Jun.,Pesos,1000,1,3794879.5603
1990.07,Jul.,Pesos,1000,1,4375561.4
1990.08,Ago.,Pesos,1000,1,4960022.4
1990.09,Set.,Pesos,1000,1,5378251.3
1990.1,Oct.,Pesos,1000,1,6071685.3
1990.11,Nov.,Pesos,1000,1,6718874.4
1990.12,Dic.,Pesos,1000,1,7975867.2
1990.13,,,,,
1991.01,Ene.,Pesos,1000,1,9601023
1991.02,Feb.,Pesos,1000,1,10741743
1991.03,Mar.,Pesos,1000,1,11445370
1991.04,Abr.,Pesos,1000,1,12733270
1991.05,May.,Pesos,1000,1,13600227
1991.06,Jun.,Pesos,1000,1,14616203
1991.07,Jul.,Pesos,1000,1,15253697
1991.08,Ago.,Pesos,1000,1,16056322
1991.09,Set.,Pesos,1000,1,16780714
1991.1,Oct.,Pesos,1000,1,17780642
1991.11,Nov.,Pesos,1000,1,18771606
1991.12,Dic.,Pesos,1000,1,20014626
1991.13,,,,,
1992.01,Ene.,Pesos,1000,1,21068100
1992.02,Feb.,Pesos,1000,1,21830652
1992.03,Mar.,Pesos,1000,1,22608398
1992.04,Abr.,Pesos,1000,1,23779563
1992.05,May.,Pesos,1000,1,25687866
1992.06,Jun.,Pesos,1000,1,26748349
1992.07,Jul.,Pesos,1000,1,27867911
1992.08,Ago.,Pesos,1000,1,29022037
1992.09,Set.,Pesos,1000,1,29334814
1992.1,Oct.,Pesos,1000,1,30748788
1992.11,Nov.,Pesos,1000,1,30927460
1992.12,Dic.,Pesos,1000,1,32290136
1992.13,,,,,
1993.01,Ene.,Pesos,1000,1,34011819
1993.02,Feb.,Pesos,1000,1,35050468
1993.03,Mar.,Pesos,1000,1,36180458
1993.04,Abr.,Pesos,1000,1,37881915
1993.05,May.,Pesos,1000,1,39118887
1993.06,Jun.,Pesos,1000,1,39265678
1993.07,Jul.,Pesos,1000,1,42420463
1993.08,Ago.,Pesos,1000,1,44381432
1993.09,Set.,Pesos,1000,1,43428578
1993.1,Oct.,Pesos,1000,1,45306201
1993.11,Nov.,Pesos,1000,1,46638911
1993.12,Dic.,Pesos,1000,1,47908622
1993.13,,,,,
1994.01,Ene.,Pesos,1000,1,49991869
1994.02,Feb.,Pesos,1000,1,50630960
1994.03,Mar.,Pesos,1000,1,50104982
1994.04,Abr.,Pesos,1000,1,50454745
1994.05,May.,Pesos,1000,1,51184913
1994.06,Jun.,Pesos,1000,1,50798478
1994.07,Jul.,Pesos,1000,1,52680500
1994.08,Ago.,Pesos,1000,1,52281684
1994.09,Set.,Pesos,1000,1,52489683
1994.1,Oct.,Pesos,1000,1,52818255
1994.11,Nov.,Pesos,1000,1,53384082
1994.12,Dic.,Pesos,1000,1,54547346
1994.13,,,,,
1995.01,Ene.,Pesos,1000,1,52282133.94062
1995.02,Feb.,Pesos,1000,1,51089563.18779
1995.03,Mar.,Pesos,1000,1,46451051.334580004
1995.04,Abr.,Pesos,1000,1,46374982.40443
1995.05,May.,Pesos,1000,1,46552422.93804
1995.06,Jun.,Pesos,1000,1,47088468.80145
1995.07,Jul.,Pesos,1000,1,48895231.24037
1995.08,Ago.,Pesos,1000,1,48670850.50515
1995.09,Set.,Pesos,1000,1,48670616.246759996
1995.1,Oct.,Pesos,1000,1,50089048.80929
1995.11,Nov.,Pesos,1000,1,50863696.11193
1995.12,Dic.,Pesos,1000,1,52333725
1995.13,,,,,
1996.01,Ene.,Pesos,1000,1,54600263.51632
1996.02,Feb.,Pesos,1000,1,55965642.780990005
1996.03,Mar.,Pesos,1000,1,55836700
1996.04,Abr.,Pesos,1000,1,57403925
1996.05,May.,Pesos,1000,1,58460803
1996.06,Jun.,Pesos,1000,1,59430163
1996.07,Jul.,Pesos,1000,1,60479209
1996.08,Ago.,Pesos,1000,1,59608037
1996.09,Set.,Pesos,1000,1,59040656
1996.1,Oct.,Pesos,1000,1,60091254
1996.11,Nov.,Pesos,1000,1,61261297
1996.12,Dic.,Pesos,1000,1,62976986
1996.13,,,,,
1997.01,Ene.,Pesos,1000,1,65522085
1997.02,Feb.,Pesos,1000,1,65762785
1997.03,Mar.,Pesos,1000,1,66815364
1997.04,Abr.,Pesos,1000,1,68372381
1997.05,May.,Pesos,1000,1,70960858
1997.06,Jun.,Pesos,1000,1,72766935
1997.07,Jul.,Pesos,1000,1,74581345
1997.08,Ago.,Pesos,1000,1,75161634
1997.09,Set.,Pesos,1000,1,75521122
1997.1,Oct.,Pesos,1000,1,76123031
1997.11,Nov.,Pesos,1000,1,77709604
1997.12,Dic.,Pesos,1000,1,79221745
1997.13,,,,,
1998.01,Ene.,Pesos,1000,1,80430816.32462999
1998.02,Feb.,Pesos,1000,1,80246875.66418
1998.03,Mar.,Pesos,1000,1,81322028.93905
1998.04,Abr.,Pesos,1000,1,81729983.49035999
1998.05,May.,Pesos,1000,1,83994635.10233
1998.06,Jun.,Pesos,1000,1,86020194.95428
1998.07,Jul.,Pesos,1000,1,86721974.07908
1998.08,Ago.,Pesos,1000,1,86513440.14335
1998.09,Set.,Pesos,1000,1,86415819
1998.1,Oct.,Pesos,1000,1,85825530.47292
1998.11,Nov.,Pesos,1000,1,85814969.02748
1998.12,Dic.,Pesos,1000,1,88086733
1998.13,,,,,
1999.01,Ene.,Pesos,1000,1,87683387.15365
1999.02,Feb.,Pesos,1000,1,87354314.95715
1999.03,Mar.,Pesos,1000,1,87863765.08272
1999.04,Abr.,Pesos,1000,1,87491817.96057001
1999.05,May.,Pesos,1000,1,88140818.15143
1999.06,Jun.,Pesos,1000,1,89948468.90521
1999.07,Jul.,Pesos,1000,1,90778508.60326
1999.08,Ago.,Pesos,1000,1,90140892.53903
1999.09,Set.,Pesos,1000,1,90086143.12825
1999.1,Oct.,Pesos,1000,1,89892557.54696
1999.11,Nov.,Pesos,1000,1,90313653.68212
1999.12,Dic.,Pesos,1000,1,90189677.51741
1999.13,,,,,
2000.01,Ene.,Pesos,1000,1,90573196
2000.02,Feb.,Pesos,1000,1,90260196.58619
2000.03,Mar.,Pesos,1000,1,90511022.12444
2000.04,Abr.,Pesos,1000,1,90535179.0645
2000.05,May.,Pesos,1000,1,91893603.64306
2000.06,Jun.,Pesos,1000,1,93076611.22993
2000.07,Jul.,Pesos,1000,1,93365293.98111
2000.08,Ago.,Pesos,1000,1,93295613.14469999
2000.09,Set.,Pesos,1000,1,93919274.87489
2000.1,Oct.,Pesos,1000,1,92695439.9573
2000.11,Nov.,Pesos,1000,1,91745375.38402
2000.12,Dic.,Pesos,1000,1,92797812.37193
2000.13,,,,,
2001.01,Ene.,Pesos,1000,1,93138208.38227999
2001.02,Feb.,Pesos,1000,1,93719080
2001.03,Mar.,Pesos,1000,1,88800261
2001.04,Abr.,Pesos,1000,1,88968831
2001.05,May.,Pesos,1000,1,89669360
2001.06,Jun.,Pesos,1000,1,89479689
2001.07,Jul.,Pesos,1000,1,83524011
2001.08,Ago.,Pesos,1000,1,79718736
2001.09,Set.,Pesos,1000,1,80899160
2001.1,Oct.,Pesos,1000,1,78018536
2001.11,Nov.,Pesos,1000,1,74112030
2001.12,Dic.,Pesos,1000,1,73053953
2001.13,,,,,
2002.01,Ene.,Pesos,1000,1,84592577
2002.02,Feb.,Pesos,1000,1,83780856
2002.03,Mar.,Pesos,1000,1,81461599
2002.04,Abr.,Pesos,1000,1,75941140
2002.05,May.,Pesos,1000,1,76062171
2002.06,Jun.,Pesos,1000,1,75533979
2002.07,Jul.,Pesos,1000,1,73853529
2002.08,Ago.,Pesos,1000,1,75414002
2002.09,Set.,Pesos,1000,1,77832527
2002.1,Oct.,Pesos,1000,1,79624838
2002.11,Nov.,Pesos,1000,1,82658702
2002.12,Dic.,Pesos,1000,1,83851408
2002.13,,,,,
2003.01,Ene.,Pesos,1000,1,85409106
2003.02,Feb.,Pesos,1000,1,87506194
2003.03,Mar.,Pesos,1000,1,88184679
2003.04,Abr.,Pesos,1000,1,90874561
2003.05,May.,Pesos,1000,1,95830212
2003.06,Jun.,Pesos,1000,1,100458383
2003.07,Jul.,Pesos,1000,1,103527875
2003.08,Ago.,Pesos,1000,1,105839274
2003.09,Set.,Pesos,1000,1,107126611
2003.1,Oct.,Pesos,1000,1,110728541
2003.11,Nov.,Pesos,1000,1,113785158
2003.12,Dic.,Pesos,1000,1,116829749
2003.13,,,,,
2004.01,Ene.,Pesos,1000,1,119725909
2004.02,Feb.,Pesos,1000,1,120882595
2004.03,Mar.,Pesos,1000,1,120780924
2004.04,Abr.,Pesos,1000,1,123897338
2004.05,May.,Pesos,1000,1,128684876
2004.06,Jun.,Pesos,1000,1,133897447
2004.07,Jul.,Pesos,1000,1,136036180
2004.08,Ago.,Pesos,1000,1,137086787
2004.09,Set.,Pesos,1000,1,137901657
2004.1,Oct.,Pesos,1000,1,139443168
2004.11,Nov.,Pesos,1000,1,142774505
2004.12,Dic.,Pesos,1000,1,147498443
2004.13,,,,,
2005.01,Ene.,Pesos,1000,1,148674188
2005.02,Feb.,Pesos,1000,1,150156357
2005.03,Mar.,Pesos,1000,1,148665602
2005.04,Abr.,Pesos,1000,1,153274082
2005.05,May.,Pesos,1000,1,156033978
2005.06,Jun.,Pesos,1000,1,158515514
2005.07,Jul.,Pesos,1000,1,161513923
2005.08,Ago.,Pesos,1000,1,163019259
2005.09,Set.,Pesos,1000,1,164959312
2005.1,Oct.,Pesos,1000,1,168319988
2005.11,Nov.,Pesos,1000,1,169947963
2005.12,Dic.,Pesos,1000,1,177179697
2005.13,,,,,
2006.01,Ene.,Pesos,1000,1,178742132
2006.02,Feb.,Pesos,1000,1,179591580
2006.03,Mar.,Pesos,1000,1,181310733
2006.04,Abr.,Pesos,1000,1,184518599
2006.05,May.,Pesos,1000,1,189966677
2006.06,Jun.,Pesos,1000,1,195202175
2006.07,Jul.,Pesos,1000,1,199090415
2006.08,Ago.,Pesos,1000,1,201672628
2006.09,Set.,Pesos,1000,1,205168754
2006.1,Oct.,Pesos,1000,1,208413926
2006.11,Nov.,Pesos,1000,1,214403711
2006.12,Dic.,Pesos,1000,1,220552608
2006.13,,,,,
2007.01,Ene.,Pesos,1000,1,224444460
2007.02,Feb.,Pesos,1000,1,226266280
2007.03,Mar.,Pesos,1000,1,229729292
2007.04,Abr.,Pesos,1000,1,233837891
2007.05,May.,Pesos,1000,1,237686180
2007.06,Jun.,Pesos,1000,1,243395457
2007.07,Jul.,Pesos,1000,1,248444366
2007.08,Ago.,Pesos,1000,1,252306112
2007.09,Set.,Pesos,1000,1,253965537
2007.1,Oct.,Pesos,1000,1,254456229
2007.11,Nov.,Pesos,1000,1,259568369
2007.12,Dic.,Pesos,1000,1,267815437
2007.13,,,,,
2008.01,Ene.,Pesos,1000,1,276638851
2008.02,Feb.,Pesos,1000,1,277822292
2008.03,Mar.,Pesos,1000,1,280921249
2008.04,Abr.,Pesos,1000,1,285593333
2008.05,May.,Pesos,1000,1,282666253
2008.06,Jun.,Pesos,1000,1,286774553
2008.07,Jul.,Pesos,1000,1,292218434
2008.08,Ago.,Pesos,1000,1,296302547
2008.09,Set.,Pesos,1000,1,300337555
2008.1,Oct.,Pesos,1000,1,298348234
2008.11,Nov.,Pesos,1000,1,301385594
2008.12,Dic.,Pesos,1000,1,305421685
2008.13,,,,,
2009.01,Ene.,Pesos,1000,1,306737807
2009.02,Feb.,Pesos,1000,1,305915225
2009.03,Mar.,Pesos,1000,1,306125911
2009.04,Abr.,Pesos,1000,1,311368123
2009.05,May.,Pesos,1000,1,314637208
2009.06,Jun.,Pesos,1000,1,316142634
2009.07,Jul.,Pesos,1000,1,319136673
2009.08,Ago.,Pesos,1000,1,323429327
2009.09,Set.,Pesos,1000,1,328774364
2009.1,Oct.,Pesos,1000,1,331644459
2009.11,Nov.,Pesos,1000,1,333871800
2009.12,Dic.,Pesos,1000,1,352478589
2009.13,,,,,
2010.01,Ene.,Pesos,1000,1,354732407
2010.02,Feb.,Pesos,1000,1,354615020
2010.03,Mar.,Pesos,1000,1,372226719
2010.04,Abr.,Pesos,1000,1,385184546
2010.05,May.,Pesos,1000,1,397301450
2010.06,Jun.,Pesos,1000,1,408066630
2010.07,Jul.,Pesos,1000,1,411174698
2010.08,Ago.,Pesos,1000,1,423462704
2010.09,Set.,Pesos,1000,1,436531500
2010.1,Oct.,Pesos,1000,1,448390259
2010.11,Nov.,Pesos,1000,1,457592006
2010.12,Dic.,Pesos,1000,1,485228799
2010.13,,,,,
2011.01,Ene.,Pesos,1000,1,488613183
2011.02,Feb.,Pesos,1000,1,496078889
2011.03,Mar.,Pesos,1000,1,505618198
2011.04,Abr.,Pesos,1000,1,519015939
2011.05,May.,Pesos,1000,1,529686606
2011.06,Jun.,Pesos,1000,1,546129955
2011.07,Jul.,Pesos,1000,1,557443345
2011.08,Ago.,Pesos,1000,1,566753057
2011.09,Set.,Pesos,1000,1,574425660
2011.1,Oct.,Pesos,1000,1,575827944
2011.11,Nov.,Pesos,1000,1,576333312
2011.12,Dic.,Pesos,1000,1,605084446
 ,,,,,
2012.01,Ene.,Pesos,1000,1,612704443
2012.02,Feb.,Pesos,1000,1,620222738
2012.03,Mar.,Pesos,1000,1,629668886
2012.04,Abr.,Pesos,1000,1,640944016
2012.05,May.,Pesos,1000,1,655401436
2012.06,Jun.,Pesos,1000,1,669965547
2012.07,Jul.,Pesos,1000,1,688926810
2012.08,Ago.,Pesos,1000,1,707277119
2012.09,Set.,Pesos,1000,1,716856424
2012.1,Oct.,Pesos,1000,1,732458971
2012.11,Nov.,Pesos,1000,1,755282809
2012.12,Dic.,Pesos,1000,1,796440454
2012.13,,,,,
2013.01,Ene.,Pesos,1000,1,800772424
2013.02,Feb.,Pesos,1000,1,804273178
2013.03,Mar.,Pesos,1000,1,811437674
2013.04,Abr.,Pesos,1000,1,822609888
2013.05,May.,Pesos,1000,1,838110451.09
2013.06,Jun.,Pesos,1000,1,861335675
2013.07,Jul.,Pesos,1000,1,883768255
2013.08,Ago.,Pesos,1000,1,898528307
2013.09,Set.,Pesos,1000,1,923417887
2013.1,Oct.,Pesos,1000,1,937693595
2013.11,Nov.,Pesos,1000,1,955017383
2013.12,Dic.,Pesos,1000,1,999888062
2013.13,,,,,
2014.01,Ene.,Pesos,1000,1,1016943407
2014.02,Feb.,Pesos,1000,1,1004141352
2014.03,Mar.,Pesos,1000,1,1014354612
2014.04,Abr.,Pesos,1000,1,1015263618
2014.05,May.,Pesos,1000,1,1040788950
2014.06,Jun.,Pesos,1000,1,1075891086
2014.07,Jul.,Pesos,1000,1,1087900475
2014.08,Ago.,Pesos,1000,1,1116794888
2014.09,Set.,Pesos,1000,1,1129543227
2014.1,Oct.,Pesos,1000,1,1157478247
2014.11,Nov.,Pesos,1000,1,1200232518
2014.12,Dic.,Pesos,1000,1,1283152553
2014.13,,,,,
2015.01,Ene.,Pesos,1000,1,1285613605
2015.02,Feb.,Pesos,1000,1,1305467110
2015.03,Mar.,Pesos,1000,1,1321587677
2015.04,Abr.,Pesos,1000,1,1336019579
2015.05,May.,Pesos,1000,1,1367671098
2015.06,Jun.,Pesos,1000,1,1445030701
2015.07,Jul.,Pesos,1000,1,1481374939
2015.08,Ago.,Pesos,1000,1,1498897116
2015.09,Set.,Pesos,1000,1,1523748515
2015.1,Oct.,Pesos,1000,1,1565255907
2015.11,Nov.,Pesos,1000,1,1633561410
2015.12,Dic.,Pesos,1000,1,1761354705
2015.13,,,,,
2016.01,Ene.,Pesos,1000,1,1777064132
2016.02,Feb.,Pesos,1000,1,1782691823
2016.03,Mar.,Pesos,1000,1,1773871681
2016.04,Abr.,Pesos,1000,1,1757420781
2016.05,May.,Pesos,1000,1,1795025653
2016.06,Jun.,Pesos,1000,1,1902680873
2016.07,Jul.,Pesos,1000,1,1925708143
2016.08,Ago.,Pesos,1000,1,1942995036
2016.09,Set.,Pesos,1000,1,1965033728
2016.1,Oct.,Pesos,1000,1,2149321517
2016.11,Nov.,Pesos,1000,1,2228873800
2016.12,Dic.,Pesos,1000,1,2422522377
2016.13,,,,,
2017.01,Ene.,Pesos,1000,1,2504277605
2017.02,Feb.,Pesos,1000,1,2540817026
2017.03,Mar.,Pesos,1000,1,2553590098
2017.04,Abr.,Pesos,1000,1,2491696187
2017.05,May.,Pesos,1000,1,2490860408
2017.06,Jun.,Pesos,1000,1,2599120694
2017.07,Jul.,Pesos,1000,1,2695946344
2017.08,Ago.,Pesos,1000,1,2736636982
2017.09,Set.,Pesos,1000,1,2742934250
2017.1,Oct.,Pesos,1000,1,2759226132
2017.11,Nov.,Pesos,1000,1,2837331604
2017.12,Dic.,Pesos,1000,1,3105535100
2017.13,,,,,
2018.01,Ene. *,Pesos,1000,1,3233379815
2018.02,Feb.,Pesos,1000,1,3326165347
2018.03,Mar.,Pesos,1000,1,3334664565
2018.04,Abr.,Pesos,1000,1,3386336722
2018.05,May.,Pesos,1000,1,3527347861
2018.06,Jun.,Pesos,1000,1,3806117775
2018.07,Jul.,Pesos,1000,1,3844518481
2018.08,Ago.,Pesos,1000,1,4291817786
2018.09,Set.,Pesos,1000,1,4387496356
2018.1,Oct.,Pesos,1000,1,4331851871
2018.11,Nov.,Pesos,1000,1,4562754787
2018.12,Dic.,Pesos,1000,1,4736256390
2018.13,,,,,
2019.01,Ene. ,Pesos,1000,1,4712438067
2019.02,Feb.,Pesos,1000,1,4769222791
2019.03,Mar.,Pesos,1000,1,4996399230
2019.04,Abr.,Pesos,1000,1,5030597695
2019.05,May.,Pesos,1000,1,5161350955
2019.06,Jun.,Pesos,1000,1,5165144168
2019.07,Jul.,Pesos,1000,1,5360524986
2019.08,Ago.,Pesos,1000,1,5597633440
2019.09,Set.,Pesos,1000,1,5221248037
2019.1,Oct.,Pesos,1000,1,5068932079
2019.11,Nov.,Pesos,1000,1,5237544610
2019.12,Dic.,Pesos,1000,1,5700972157
2019.13,,,,,
2020.01,Ene. ,Pesos,1000,1,5975078878
2020.02,Feb.,Pesos,1000,1,6164830548
2020.03,Mar.,Pesos,1000,1,6568959561
2020.04,Abr.,Pesos,1000,1,6987815156
2020.05,May.,Pesos,1000,1,7431719295
2020.06,Jun.,Pesos,1000,1,7941777291
2020.07,Jul.,Pesos,1000,1,8272299629
2020.08,Ago.,Pesos,1000,1,8443082676
2020.09,Set.,Pesos,1000,1,8635185823
2020.1,Oct.,Pesos,1000,1,8619958443
2020.11,Nov.,Pesos,1000,1,8727908984
2020.12,Dic.,Pesos,1000,1,9524644522
2019.13,,,,,
2021.01,Ene. ,Pesos,1000,1,9662324474
2021.02,Feb.,Pesos,1000,1,9872866916
2021.03,Mar.,Pesos,1000,1,10249418544
2021.04,Abr.,Pesos,1000,1,10606636449
2021.05,May.,Pesos,1000,1,10937162812
2021.06,Jun.,Pesos,1000,1,11454664533
2021.07,Jul.,Pesos,1000,1,11757871964
2021.08,Ago.,Pesos,1000,1,12085566026
2021.09,Set.,Pesos,1000,1,12488101922
2021.1,Oct.,Pesos,1000,1,12945540668
2021.11,Nov.,Pesos,1000,1,13297156117
2021.12,Dic.,Pesos,1000,1,14518199871
2021.13,,,,,
2022.01,Ene. ,Pesos,1000,1,14551823336
2022.02,Feb.,Pesos,1000,1,14878668077
2022.03,Mar.,Pesos,1000,1,15243181301
2022.04,Abr.,Pesos,1000,1,15989323792
2022.05,May.,Pesos,1000,1,16848858612
2022.06,Jun.,Pesos,1000,1,18505766716
2022.07,Jul.,Pesos,1000,1,19172886194
2022.08,Ago.,Pesos,1000,1,19762333930
2022.09,Set.,Pesos,1000,1,21579990174
2022.1,Oct.,Pesos,1000,1,22486054126
2022.11,Nov.,Pesos,1000,1,23876531172
2022.12,Dic.,Pesos,1000,1,26334758102
2022.13,,,,,
2023.01,Ene. ,Pesos,1000,1,27172452615
2023.02,Feb.,Pesos,1000,1,28312787724
2023.03,Mar.,Pesos,1000,1,29598631146
2023.04,Abr.,Pesos,1000,1,31682474389
2023.05,May.,Pesos,1000,1,33925020895
2023.06,Jun.,Pesos,1000,1,36687566741
2023.07,Jul.,Pesos,1000,1,39498023571
2023.08,Ago.,Pesos,1000,1,43232708267
2023.09,Set.,Pesos,1000,1,46443190850
2023.1,Oct.,Pesos,1000,1,48036511478
2023.11,Nov.,Pesos,1000,1,47203295716
2023.12,Dic.,Pesos,1000,1,67350983805
2023.13,,,,,
2024.01,Ene. ,Pesos,1000,1,73349901229
2024.02,Feb.,Pesos,1000,1,77172711378
2024.03,Mar.,Pesos,1000,1,83385487355
2024.04,Abr.,Pesos,1000,1,89242760475
2024.05,May.,Pesos,1000,1,
2024.06,Jun.,Pesos,1000,1,0
2024.07,Jul.,Pesos,1000,1,0
2024.08,Ago.,Pesos,1000,1,0
2024.09,Set.,Pesos,1000,1,0
2024.1,Oct.,Pesos,1000,1,0
2024.11,Nov.,Pesos,1000,1,0
2024.12,Dic.,Pesos,1000,1,0
2024.13,,,,,
0,,,,,
